/*
 Navicat Premium Data Transfer

 Source Server         : 本地mysql
 Source Server Type    : MySQL
 Source Server Version : 80032
 Source Host           : localhost:3306
 Source Schema         : my_admin

 Target Server Type    : MySQL
 Target Server Version : 80032
 File Encoding         : 65001

 Date: 15/03/2025 16:57:21
*/

SET NAMES utf8mb4;
SET FOREIGN_KEY_CHECKS = 0;

-- ----------------------------
-- Table structure for sys_oper_log
-- ----------------------------
DROP TABLE IF EXISTS `sys_oper_log`;
CREATE TABLE `sys_oper_log`  (
  `id` bigint NOT NULL COMMENT '日志ID',
  `log_desc` varchar(255) CHARACTER SET utf8mb4 COLLATE utf8mb4_bin NOT NULL COMMENT '日志描述',
  `method_name` varchar(255) CHARACTER SET utf8mb4 COLLATE utf8mb4_bin NULL DEFAULT NULL COMMENT '执行方法名称',
  `request_params` varchar(255) CHARACTER SET utf8mb4 COLLATE utf8mb4_bin NULL DEFAULT NULL COMMENT '请求参数',
  `request_type` varchar(255) CHARACTER SET utf8mb4 COLLATE utf8mb4_bin NULL DEFAULT NULL COMMENT '请求方法',
  `response_body` text CHARACTER SET utf8mb4 COLLATE utf8mb4_bin NULL COMMENT '返回体',
  `request_path` varchar(255) CHARACTER SET utf8mb4 COLLATE utf8mb4_bin NULL DEFAULT NULL COMMENT '请求地址',
  `error_log` text CHARACTER SET utf8mb4 COLLATE utf8mb4_bin NULL COMMENT '错误信息',
  `operate_user` bigint NULL DEFAULT NULL COMMENT '操作人',
  `operate_ip` varchar(255) CHARACTER SET utf8mb4 COLLATE utf8mb4_bin NULL DEFAULT NULL COMMENT '操作IP',
  `is_notify` varchar(255) CHARACTER SET utf8mb4 COLLATE utf8mb4_bin NULL DEFAULT NULL COMMENT '通知用户',
  `cost_time` bigint NULL DEFAULT NULL COMMENT '消耗毫秒',
  `create_time` datetime NULL DEFAULT NULL COMMENT '创建时间',
  `is_delete` int NOT NULL DEFAULT 0 COMMENT '是否删除',
  PRIMARY KEY (`id`) USING BTREE
) ENGINE = InnoDB CHARACTER SET = utf8mb4 COLLATE = utf8mb4_bin ROW_FORMAT = Dynamic;

-- ----------------------------
-- Records of sys_oper_log
-- ----------------------------
INSERT INTO `sys_oper_log` VALUES (1850700766474526721, '后台用户登录', 'com.xujie.manager.controller.userLogin', '[{\"username\":\"admin\",\"password\":\"admin123\"}]', 'POST', '{\"code\":200,\"message\":\"成功\",\"success\":true,\"data\":{\"avatar\":\"https://xu3285503539.oss-cn-hangzhou.aliyuncs.com/admin/img/66f021b9fde193448a2cb994.png\",\"username\":\"admin\",\"name\":\"小徐\",\"roles\":[\"user\",\"admin\"],\"permissions\":[\"*.*.*\"],\"accessToken\":\"nBw5292NGucn2gJCG264J96wU5C9SFnO\",\"refreshToken\":\"nBw5292NGucn2gJCG264J96wU5C9SFnO\"}}', '/common/login', NULL, 1837853208458866690, '127.0.0.1', NULL, 787, '2024-10-28 08:47:02', 0);
INSERT INTO `sys_oper_log` VALUES (1850700766663270402, '获取路由信息', 'com.xujie.manager.controller.getSyncRouter', '[]', 'GET', '{\"code\":200,\"message\":\"成功\",\"success\":true,\"data\":[{\"children\":[{\"roles\":[\"admin\"],\"id\":2,\"name\":\"用户管理\",\"meta\":{\"title\":\"用户管理\",\"showLink\":true},\"path\":\"/manager/user\",\"component\":\"/manager/user/index\",\"createTime\":\"Sep 19, 2024, 6:33:44 PM\",\"updateTime\":\"Sep 19, 2024, 6:33:46 PM\"},{\"roles\":[\"admin\"],\"id\":3,\"name\":\"角色管理\",\"meta\":{\"title\":\"角色管理\",\"showLink\":true},\"path\":\"/manager/role\",\"component\":\"/manager/role/index\",\"createTime\":\"Sep 19, 2024, 6:33:44 PM\",\"updateTime\":\"Sep 19, 2024, 6:33:46 PM\"},{\"roles\":[\"admin\"],\"id\":4,\"name\":\"路由管理\",\"meta\":{\"title\":\"路由管理\",\"showLink\":true},\"path\":\"/manager/router\",\"component\":\"/manager/router/index\",\"createTime\":\"Sep 19, 2024, 6:33:44 PM\",\"updateTime\":\"Sep 19, 2024, 6:33:46 PM\"}],\"roles\":[\"admin\"],\"id\":1,\"name\":\"权限管理\",\"meta\":{\"title\":\"权限管理\",\"icon\":\"ep:tools\",\"rank\":10,\"showLink\":true},\"path\":\"/manager\",\"redirect\":\"/manager/role\",\"component\":\"/layout/index\",\"createTime\":\"Sep 19, 2024, 6:02:09 PM\",\"updateTime\":\"Sep 22, 2024, 10:08:25 PM\"},{\"children\":[{\"roles\":[\"admin\"],\"id\":1838875104335925249,\"name\":\"日志管理\",\"meta\":{\"title\":\"后台日志\",\"icon\":\"ri:bug-fill\",\"showLink\":true},\"path\":\"/system/log\",\"redirect\":\"\",\"component\":\"/system/log/index\",\"createTime\":\"Sep 25, 2024, 5:36:04 PM\",\"updateTime\":\"Sep 26, 2024, 2:29:18 PM\"}],\"roles\":[\"admin\"],\"id\":1838874817252593666,\"name\":\"系统管理\",\"meta\":{\"title\":\"系统管理\",\"icon\":\"ep:operation\",\"showLink\":true},\"path\":\"/system\",\"redirect\":\"/system/log\",\"component\":\"/layout/index\",\"createTime\":\"Sep 25, 2024, 5:34:56 PM\",\"updateTime\":\"Sep 25, 2024, 5:34:56 PM\"}]}', '/common/getSyncRouter', NULL, 1837853208458866690, '127.0.0.1', NULL, 23, '2024-10-28 08:47:02', 0);
INSERT INTO `sys_oper_log` VALUES (1850703585575297026, '获取路由信息', 'com.xujie.manager.controller.getSyncRouter', '[]', 'GET', '{\"code\":200,\"message\":\"成功\",\"success\":true,\"data\":[{\"children\":[{\"roles\":[\"admin\"],\"id\":2,\"name\":\"用户管理\",\"meta\":{\"title\":\"用户管理\",\"showLink\":true},\"path\":\"/manager/user\",\"component\":\"/manager/user/index\",\"createTime\":\"Sep 19, 2024, 6:33:44 PM\",\"updateTime\":\"Sep 19, 2024, 6:33:46 PM\"},{\"roles\":[\"admin\"],\"id\":3,\"name\":\"角色管理\",\"meta\":{\"title\":\"角色管理\",\"showLink\":true},\"path\":\"/manager/role\",\"component\":\"/manager/role/index\",\"createTime\":\"Sep 19, 2024, 6:33:44 PM\",\"updateTime\":\"Sep 19, 2024, 6:33:46 PM\"},{\"roles\":[\"admin\"],\"id\":4,\"name\":\"路由管理\",\"meta\":{\"title\":\"路由管理\",\"showLink\":true},\"path\":\"/manager/router\",\"component\":\"/manager/router/index\",\"createTime\":\"Sep 19, 2024, 6:33:44 PM\",\"updateTime\":\"Sep 19, 2024, 6:33:46 PM\"}],\"roles\":[\"admin\"],\"id\":1,\"name\":\"权限管理\",\"meta\":{\"title\":\"权限管理\",\"icon\":\"ep:tools\",\"rank\":10,\"showLink\":true},\"path\":\"/manager\",\"redirect\":\"/manager/role\",\"component\":\"/layout/index\",\"createTime\":\"Sep 19, 2024, 6:02:09 PM\",\"updateTime\":\"Sep 22, 2024, 10:08:25 PM\"},{\"children\":[{\"roles\":[\"admin\"],\"id\":1838875104335925249,\"name\":\"日志管理\",\"meta\":{\"title\":\"后台日志\",\"icon\":\"ri:bug-fill\",\"showLink\":true},\"path\":\"/system/log\",\"redirect\":\"\",\"component\":\"/system/log/index\",\"createTime\":\"Sep 25, 2024, 5:36:04 PM\",\"updateTime\":\"Sep 26, 2024, 2:29:18 PM\"}],\"roles\":[\"admin\"],\"id\":1838874817252593666,\"name\":\"系统管理\",\"meta\":{\"title\":\"系统管理\",\"icon\":\"ep:operation\",\"showLink\":true},\"path\":\"/system\",\"redirect\":\"/system/log\",\"component\":\"/layout/index\",\"createTime\":\"Sep 25, 2024, 5:34:56 PM\",\"updateTime\":\"Sep 25, 2024, 5:34:56 PM\"}]}', '/common/getSyncRouter', NULL, 1837853208458866690, '127.0.0.1', NULL, 25, '2024-10-28 08:58:14', 0);
INSERT INTO `sys_oper_log` VALUES (1850705601118724098, '添加', 'com.xujie.manager.common.base.controller.add', '[{\"name\":\"用户管理\",\"icon\":\"ep:avatar\",\"title\":\"用户管理\",\"parentId\":0,\"path\":\"/biz/user\",\"redirect\":\"/biz/user\",\"component\":\"/biz/user/index\",\"showlink\":true}]', 'POST', '{\"code\":200,\"message\":\"添加成功\",\"success\":true}', '/routers/add', NULL, 1837853208458866690, '127.0.0.1', NULL, 16, '2024-10-28 09:06:14', 0);
INSERT INTO `sys_oper_log` VALUES (1850705609956122625, '获取路由信息', 'com.xujie.manager.controller.getSyncRouter', '[]', 'GET', '{\"code\":200,\"message\":\"成功\",\"success\":true,\"data\":[{\"children\":[{\"roles\":[\"admin\"],\"id\":2,\"name\":\"用户管理\",\"meta\":{\"title\":\"用户管理\",\"showLink\":true},\"path\":\"/manager/user\",\"component\":\"/manager/user/index\",\"createTime\":\"Sep 19, 2024, 6:33:44 PM\",\"updateTime\":\"Sep 19, 2024, 6:33:46 PM\"},{\"roles\":[\"admin\"],\"id\":3,\"name\":\"角色管理\",\"meta\":{\"title\":\"角色管理\",\"showLink\":true},\"path\":\"/manager/role\",\"component\":\"/manager/role/index\",\"createTime\":\"Sep 19, 2024, 6:33:44 PM\",\"updateTime\":\"Sep 19, 2024, 6:33:46 PM\"},{\"roles\":[\"admin\"],\"id\":4,\"name\":\"路由管理\",\"meta\":{\"title\":\"路由管理\",\"showLink\":true},\"path\":\"/manager/router\",\"component\":\"/manager/router/index\",\"createTime\":\"Sep 19, 2024, 6:33:44 PM\",\"updateTime\":\"Sep 19, 2024, 6:33:46 PM\"}],\"roles\":[\"admin\"],\"id\":1,\"name\":\"权限管理\",\"meta\":{\"title\":\"权限管理\",\"icon\":\"ep:tools\",\"rank\":10,\"showLink\":true},\"path\":\"/manager\",\"redirect\":\"/manager/role\",\"component\":\"/layout/index\",\"createTime\":\"Sep 19, 2024, 6:02:09 PM\",\"updateTime\":\"Sep 22, 2024, 10:08:25 PM\"},{\"children\":[{\"roles\":[\"admin\"],\"id\":1838875104335925249,\"name\":\"日志管理\",\"meta\":{\"title\":\"后台日志\",\"icon\":\"ri:bug-fill\",\"showLink\":true},\"path\":\"/system/log\",\"redirect\":\"\",\"component\":\"/system/log/index\",\"createTime\":\"Sep 25, 2024, 5:36:04 PM\",\"updateTime\":\"Sep 26, 2024, 2:29:18 PM\"}],\"roles\":[\"admin\"],\"id\":1838874817252593666,\"name\":\"系统管理\",\"meta\":{\"title\":\"系统管理\",\"icon\":\"ep:operation\",\"showLink\":true},\"path\":\"/system\",\"redirect\":\"/system/log\",\"component\":\"/layout/index\",\"createTime\":\"Sep 25, 2024, 5:34:56 PM\",\"updateTime\":\"Sep 25, 2024, 5:34:56 PM\"}]}', '/common/getSyncRouter', NULL, 1837853208458866690, '127.0.0.1', NULL, 11, '2024-10-28 09:06:17', 0);
INSERT INTO `sys_oper_log` VALUES (1850705709327572994, '获取路由信息', 'com.xujie.manager.controller.getSyncRouter', '[]', 'GET', '{\"code\":200,\"message\":\"成功\",\"success\":true,\"data\":[{\"children\":[{\"roles\":[\"admin\"],\"id\":2,\"name\":\"用户管理\",\"meta\":{\"title\":\"用户管理\",\"showLink\":true},\"path\":\"/manager/user\",\"component\":\"/manager/user/index\",\"createTime\":\"Sep 19, 2024, 6:33:44 PM\",\"updateTime\":\"Sep 19, 2024, 6:33:46 PM\"},{\"roles\":[\"admin\"],\"id\":3,\"name\":\"角色管理\",\"meta\":{\"title\":\"角色管理\",\"showLink\":true},\"path\":\"/manager/role\",\"component\":\"/manager/role/index\",\"createTime\":\"Sep 19, 2024, 6:33:44 PM\",\"updateTime\":\"Sep 19, 2024, 6:33:46 PM\"},{\"roles\":[\"admin\"],\"id\":4,\"name\":\"路由管理\",\"meta\":{\"title\":\"路由管理\",\"showLink\":true},\"path\":\"/manager/router\",\"component\":\"/manager/router/index\",\"createTime\":\"Sep 19, 2024, 6:33:44 PM\",\"updateTime\":\"Sep 19, 2024, 6:33:46 PM\"}],\"roles\":[\"admin\"],\"id\":1,\"name\":\"权限管理\",\"meta\":{\"title\":\"权限管理\",\"icon\":\"ep:tools\",\"rank\":10,\"showLink\":true},\"path\":\"/manager\",\"redirect\":\"/manager/role\",\"component\":\"/layout/index\",\"createTime\":\"Sep 19, 2024, 6:02:09 PM\",\"updateTime\":\"Sep 22, 2024, 10:08:25 PM\"},{\"children\":[{\"roles\":[\"admin\"],\"id\":1838875104335925249,\"name\":\"日志管理\",\"meta\":{\"title\":\"后台日志\",\"icon\":\"ri:bug-fill\",\"showLink\":true},\"path\":\"/system/log\",\"redirect\":\"\",\"component\":\"/system/log/index\",\"createTime\":\"Sep 25, 2024, 5:36:04 PM\",\"updateTime\":\"Sep 26, 2024, 2:29:18 PM\"}],\"roles\":[\"admin\"],\"id\":1838874817252593666,\"name\":\"系统管理\",\"meta\":{\"title\":\"系统管理\",\"icon\":\"ep:operation\",\"showLink\":true},\"path\":\"/system\",\"redirect\":\"/system/log\",\"component\":\"/layout/index\",\"createTime\":\"Sep 25, 2024, 5:34:56 PM\",\"updateTime\":\"Sep 25, 2024, 5:34:56 PM\"}]}', '/common/getSyncRouter', NULL, 1837853208458866690, '127.0.0.1', NULL, 13, '2024-10-28 09:06:40', 0);
INSERT INTO `sys_oper_log` VALUES (1850705764918878210, '更新', 'com.xujie.manager.common.base.controller.update', '[{\"id\":1850705601064198145,\"name\":\"用户管理\",\"icon\":\"ep:avatar\",\"title\":\"用户管理\",\"parentId\":0,\"path\":\"/biz/user\",\"redirect\":\"/biz/user\",\"component\":\"/biz/user/index\",\"showlink\":true,\"rank\":20}]', 'PUT', '{\"code\":200,\"message\":\"修改成功\",\"success\":true}', '/routers/update', NULL, 1837853208458866690, '127.0.0.1', NULL, 26, '2024-10-28 09:06:53', 0);
INSERT INTO `sys_oper_log` VALUES (1850705783419953154, '获取路由信息', 'com.xujie.manager.controller.getSyncRouter', '[]', 'GET', '{\"code\":200,\"message\":\"成功\",\"success\":true,\"data\":[{\"children\":[{\"roles\":[\"admin\"],\"id\":2,\"name\":\"用户管理\",\"meta\":{\"title\":\"用户管理\",\"showLink\":true},\"path\":\"/manager/user\",\"component\":\"/manager/user/index\",\"createTime\":\"Sep 19, 2024, 6:33:44 PM\",\"updateTime\":\"Sep 19, 2024, 6:33:46 PM\"},{\"roles\":[\"admin\"],\"id\":3,\"name\":\"角色管理\",\"meta\":{\"title\":\"角色管理\",\"showLink\":true},\"path\":\"/manager/role\",\"component\":\"/manager/role/index\",\"createTime\":\"Sep 19, 2024, 6:33:44 PM\",\"updateTime\":\"Sep 19, 2024, 6:33:46 PM\"},{\"roles\":[\"admin\"],\"id\":4,\"name\":\"路由管理\",\"meta\":{\"title\":\"路由管理\",\"showLink\":true},\"path\":\"/manager/router\",\"component\":\"/manager/router/index\",\"createTime\":\"Sep 19, 2024, 6:33:44 PM\",\"updateTime\":\"Sep 19, 2024, 6:33:46 PM\"}],\"roles\":[\"admin\"],\"id\":1,\"name\":\"权限管理\",\"meta\":{\"title\":\"权限管理\",\"icon\":\"ep:tools\",\"rank\":10,\"showLink\":true},\"path\":\"/manager\",\"redirect\":\"/manager/role\",\"component\":\"/layout/index\",\"createTime\":\"Sep 19, 2024, 6:02:09 PM\",\"updateTime\":\"Sep 22, 2024, 10:08:25 PM\"},{\"children\":[{\"roles\":[\"admin\"],\"id\":1838875104335925249,\"name\":\"日志管理\",\"meta\":{\"title\":\"后台日志\",\"icon\":\"ri:bug-fill\",\"showLink\":true},\"path\":\"/system/log\",\"redirect\":\"\",\"component\":\"/system/log/index\",\"createTime\":\"Sep 25, 2024, 5:36:04 PM\",\"updateTime\":\"Sep 26, 2024, 2:29:18 PM\"}],\"roles\":[\"admin\"],\"id\":1838874817252593666,\"name\":\"系统管理\",\"meta\":{\"title\":\"系统管理\",\"icon\":\"ep:operation\",\"showLink\":true},\"path\":\"/system\",\"redirect\":\"/system/log\",\"component\":\"/layout/index\",\"createTime\":\"Sep 25, 2024, 5:34:56 PM\",\"updateTime\":\"Sep 25, 2024, 5:34:56 PM\"}]}', '/common/getSyncRouter', NULL, 1837853208458866690, '127.0.0.1', NULL, 9, '2024-10-28 09:06:58', 0);
INSERT INTO `sys_oper_log` VALUES (1850705825367187457, '更新', 'com.xujie.manager.common.base.controller.update', '[{\"id\":1836670657371418625,\"name\":\"管理员\",\"code\":\"admin\",\"roleDesc\":\"管理员\",\"routers\":[2,3,4,1,1838875104335925249,1838874817252593666,1850705601064198145]}]', 'PUT', '{\"code\":200,\"message\":\"修改成功\",\"success\":true}', '/role/update', NULL, 1837853208458866690, '127.0.0.1', NULL, 30, '2024-10-28 09:07:08', 0);
INSERT INTO `sys_oper_log` VALUES (1850705833160204289, '获取路由信息', 'com.xujie.manager.controller.getSyncRouter', '[]', 'GET', '{\"code\":200,\"message\":\"成功\",\"success\":true,\"data\":[{\"children\":[{\"roles\":[\"admin\"],\"id\":2,\"name\":\"用户管理\",\"meta\":{\"title\":\"用户管理\",\"showLink\":true},\"path\":\"/manager/user\",\"component\":\"/manager/user/index\",\"createTime\":\"Sep 19, 2024, 6:33:44 PM\",\"updateTime\":\"Sep 19, 2024, 6:33:46 PM\"},{\"roles\":[\"admin\"],\"id\":3,\"name\":\"角色管理\",\"meta\":{\"title\":\"角色管理\",\"showLink\":true},\"path\":\"/manager/role\",\"component\":\"/manager/role/index\",\"createTime\":\"Sep 19, 2024, 6:33:44 PM\",\"updateTime\":\"Sep 19, 2024, 6:33:46 PM\"},{\"roles\":[\"admin\"],\"id\":4,\"name\":\"路由管理\",\"meta\":{\"title\":\"路由管理\",\"showLink\":true},\"path\":\"/manager/router\",\"component\":\"/manager/router/index\",\"createTime\":\"Sep 19, 2024, 6:33:44 PM\",\"updateTime\":\"Sep 19, 2024, 6:33:46 PM\"}],\"roles\":[\"admin\"],\"id\":1,\"name\":\"权限管理\",\"meta\":{\"title\":\"权限管理\",\"icon\":\"ep:tools\",\"rank\":10,\"showLink\":true},\"path\":\"/manager\",\"redirect\":\"/manager/role\",\"component\":\"/layout/index\",\"createTime\":\"Sep 19, 2024, 6:02:09 PM\",\"updateTime\":\"Sep 22, 2024, 10:08:25 PM\"},{\"children\":[{\"roles\":[\"admin\"],\"id\":1838875104335925249,\"name\":\"日志管理\",\"meta\":{\"title\":\"后台日志\",\"icon\":\"ri:bug-fill\",\"showLink\":true},\"path\":\"/system/log\",\"redirect\":\"\",\"component\":\"/system/log/index\",\"createTime\":\"Sep 25, 2024, 5:36:04 PM\",\"updateTime\":\"Sep 26, 2024, 2:29:18 PM\"}],\"roles\":[\"admin\"],\"id\":1838874817252593666,\"name\":\"系统管理\",\"meta\":{\"title\":\"系统管理\",\"icon\":\"ep:operation\",\"showLink\":true},\"path\":\"/system\",\"redirect\":\"/system/log\",\"component\":\"/layout/index\",\"createTime\":\"Sep 25, 2024, 5:34:56 PM\",\"updateTime\":\"Sep 25, 2024, 5:34:56 PM\"},{\"roles\":[\"admin\"],\"id\":1850705601064198145,\"name\":\"用户管理\",\"meta\":{\"title\":\"用户管理\",\"icon\":\"ep:avatar\",\"showLink\":true},\"path\":\"/biz/user\",\"redirect\":\"/biz/user\",\"component\":\"/biz/user/index\",\"createTime\":\"Oct 28, 2024, 9:06:14 AM\",\"updateTime\":\"Oct 28, 2024, 9:06:53 AM\"}]}', '/common/getSyncRouter', NULL, 1837853208458866690, '127.0.0.1', NULL, 8, '2024-10-28 09:07:10', 0);
INSERT INTO `sys_oper_log` VALUES (1850705936704987137, '更新', 'com.xujie.manager.common.base.controller.update', '[{\"id\":1850705601064198145,\"name\":\"用户管理\",\"icon\":\"ep:avatar\",\"title\":\"用户管理\",\"parentId\":0,\"path\":\"/biz/user\",\"redirect\":\"\",\"component\":\"/biz/user/index\",\"showlink\":true}]', 'PUT', '{\"code\":200,\"message\":\"修改成功\",\"success\":true}', '/routers/update', NULL, 1837853208458866690, '127.0.0.1', NULL, 7, '2024-10-28 09:07:34', 0);
INSERT INTO `sys_oper_log` VALUES (1850706087670571010, '获取路由信息', 'com.xujie.manager.controller.getSyncRouter', '[]', 'GET', '{\"code\":200,\"message\":\"成功\",\"success\":true,\"data\":[{\"children\":[{\"roles\":[\"admin\"],\"id\":2,\"name\":\"用户管理\",\"meta\":{\"title\":\"用户管理\",\"showLink\":true},\"path\":\"/manager/user\",\"component\":\"/manager/user/index\",\"createTime\":\"Sep 19, 2024, 6:33:44 PM\",\"updateTime\":\"Sep 19, 2024, 6:33:46 PM\"},{\"roles\":[\"admin\"],\"id\":3,\"name\":\"角色管理\",\"meta\":{\"title\":\"角色管理\",\"showLink\":true},\"path\":\"/manager/role\",\"component\":\"/manager/role/index\",\"createTime\":\"Sep 19, 2024, 6:33:44 PM\",\"updateTime\":\"Sep 19, 2024, 6:33:46 PM\"},{\"roles\":[\"admin\"],\"id\":4,\"name\":\"路由管理\",\"meta\":{\"title\":\"路由管理\",\"showLink\":true},\"path\":\"/manager/router\",\"component\":\"/manager/router/index\",\"createTime\":\"Sep 19, 2024, 6:33:44 PM\",\"updateTime\":\"Sep 19, 2024, 6:33:46 PM\"}],\"roles\":[\"admin\"],\"id\":1,\"name\":\"权限管理\",\"meta\":{\"title\":\"权限管理\",\"icon\":\"ep:tools\",\"rank\":10,\"showLink\":true},\"path\":\"/manager\",\"redirect\":\"/manager/role\",\"component\":\"/layout/index\",\"createTime\":\"Sep 19, 2024, 6:02:09 PM\",\"updateTime\":\"Sep 22, 2024, 10:08:25 PM\"},{\"children\":[{\"roles\":[\"admin\"],\"id\":1838875104335925249,\"name\":\"日志管理\",\"meta\":{\"title\":\"后台日志\",\"icon\":\"ri:bug-fill\",\"showLink\":true},\"path\":\"/system/log\",\"redirect\":\"\",\"component\":\"/system/log/index\",\"createTime\":\"Sep 25, 2024, 5:36:04 PM\",\"updateTime\":\"Sep 26, 2024, 2:29:18 PM\"}],\"roles\":[\"admin\"],\"id\":1838874817252593666,\"name\":\"系统管理\",\"meta\":{\"title\":\"系统管理\",\"icon\":\"ep:operation\",\"showLink\":true},\"path\":\"/system\",\"redirect\":\"/system/log\",\"component\":\"/layout/index\",\"createTime\":\"Sep 25, 2024, 5:34:56 PM\",\"updateTime\":\"Sep 25, 2024, 5:34:56 PM\"},{\"roles\":[\"admin\"],\"id\":1850705601064198145,\"name\":\"用户管理\",\"meta\":{\"title\":\"用户管理\",\"icon\":\"ep:avatar\",\"showLink\":true},\"path\":\"/biz/user\",\"redirect\":\"\",\"component\":\"/biz/user/index\",\"createTime\":\"Oct 28, 2024, 9:06:14 AM\",\"updateTime\":\"Oct 28, 2024, 9:07:34 AM\"}]}', '/common/getSyncRouter', NULL, 1837853208458866690, '127.0.0.1', NULL, 7, '2024-10-28 09:08:10', 0);
INSERT INTO `sys_oper_log` VALUES (1850706089755140097, '获取路由信息', 'com.xujie.manager.controller.getSyncRouter', '[]', 'GET', '{\"code\":200,\"message\":\"成功\",\"success\":true,\"data\":[{\"children\":[{\"roles\":[\"admin\"],\"id\":2,\"name\":\"用户管理\",\"meta\":{\"title\":\"用户管理\",\"showLink\":true},\"path\":\"/manager/user\",\"component\":\"/manager/user/index\",\"createTime\":\"Sep 19, 2024, 6:33:44 PM\",\"updateTime\":\"Sep 19, 2024, 6:33:46 PM\"},{\"roles\":[\"admin\"],\"id\":3,\"name\":\"角色管理\",\"meta\":{\"title\":\"角色管理\",\"showLink\":true},\"path\":\"/manager/role\",\"component\":\"/manager/role/index\",\"createTime\":\"Sep 19, 2024, 6:33:44 PM\",\"updateTime\":\"Sep 19, 2024, 6:33:46 PM\"},{\"roles\":[\"admin\"],\"id\":4,\"name\":\"路由管理\",\"meta\":{\"title\":\"路由管理\",\"showLink\":true},\"path\":\"/manager/router\",\"component\":\"/manager/router/index\",\"createTime\":\"Sep 19, 2024, 6:33:44 PM\",\"updateTime\":\"Sep 19, 2024, 6:33:46 PM\"}],\"roles\":[\"admin\"],\"id\":1,\"name\":\"权限管理\",\"meta\":{\"title\":\"权限管理\",\"icon\":\"ep:tools\",\"rank\":10,\"showLink\":true},\"path\":\"/manager\",\"redirect\":\"/manager/role\",\"component\":\"/layout/index\",\"createTime\":\"Sep 19, 2024, 6:02:09 PM\",\"updateTime\":\"Sep 22, 2024, 10:08:25 PM\"},{\"children\":[{\"roles\":[\"admin\"],\"id\":1838875104335925249,\"name\":\"日志管理\",\"meta\":{\"title\":\"后台日志\",\"icon\":\"ri:bug-fill\",\"showLink\":true},\"path\":\"/system/log\",\"redirect\":\"\",\"component\":\"/system/log/index\",\"createTime\":\"Sep 25, 2024, 5:36:04 PM\",\"updateTime\":\"Sep 26, 2024, 2:29:18 PM\"}],\"roles\":[\"admin\"],\"id\":1838874817252593666,\"name\":\"系统管理\",\"meta\":{\"title\":\"系统管理\",\"icon\":\"ep:operation\",\"showLink\":true},\"path\":\"/system\",\"redirect\":\"/system/log\",\"component\":\"/layout/index\",\"createTime\":\"Sep 25, 2024, 5:34:56 PM\",\"updateTime\":\"Sep 25, 2024, 5:34:56 PM\"},{\"roles\":[\"admin\"],\"id\":1850705601064198145,\"name\":\"用户管理\",\"meta\":{\"title\":\"用户管理\",\"icon\":\"ep:avatar\",\"showLink\":true},\"path\":\"/biz/user\",\"redirect\":\"\",\"component\":\"/biz/user/index\",\"createTime\":\"Oct 28, 2024, 9:06:14 AM\",\"updateTime\":\"Oct 28, 2024, 9:07:34 AM\"}]}', '/common/getSyncRouter', NULL, 1837853208458866690, '127.0.0.1', NULL, 6, '2024-10-28 09:08:11', 0);
INSERT INTO `sys_oper_log` VALUES (1850924173820440577, '后台用户登录', 'com.xujie.manager.controller.userLogin', '[{\"username\":\"admin\",\"password\":\"admin123\"}]', 'POST', '{\"code\":200,\"message\":\"成功\",\"success\":true,\"data\":{\"avatar\":\"https://xu3285503539.oss-cn-hangzhou.aliyuncs.com/admin/img/66f021b9fde193448a2cb994.png\",\"username\":\"admin\",\"name\":\"小徐\",\"roles\":[\"user\",\"admin\"],\"permissions\":[\"*.*.*\"],\"accessToken\":\"nBw5292NGucn2gJCG264J96wU5C9SFnO\",\"refreshToken\":\"nBw5292NGucn2gJCG264J96wU5C9SFnO\"}}', '/common/login', NULL, 1837853208458866690, '127.0.0.1', NULL, 778, '2024-10-28 23:34:46', 0);
INSERT INTO `sys_oper_log` VALUES (1850924175242309634, '获取路由信息', 'com.xujie.manager.controller.getSyncRouter', '[]', 'GET', '{\"code\":200,\"message\":\"成功\",\"success\":true,\"data\":[{\"children\":[{\"roles\":[\"admin\"],\"id\":2,\"name\":\"用户管理\",\"meta\":{\"title\":\"用户管理\",\"showLink\":true},\"path\":\"/manager/user\",\"component\":\"/manager/user/index\",\"createTime\":\"Sep 19, 2024, 6:33:44 PM\",\"updateTime\":\"Sep 19, 2024, 6:33:46 PM\"},{\"roles\":[\"admin\"],\"id\":3,\"name\":\"角色管理\",\"meta\":{\"title\":\"角色管理\",\"showLink\":true},\"path\":\"/manager/role\",\"component\":\"/manager/role/index\",\"createTime\":\"Sep 19, 2024, 6:33:44 PM\",\"updateTime\":\"Sep 19, 2024, 6:33:46 PM\"},{\"roles\":[\"admin\"],\"id\":4,\"name\":\"路由管理\",\"meta\":{\"title\":\"路由管理\",\"showLink\":true},\"path\":\"/manager/router\",\"component\":\"/manager/router/index\",\"createTime\":\"Sep 19, 2024, 6:33:44 PM\",\"updateTime\":\"Sep 19, 2024, 6:33:46 PM\"}],\"roles\":[\"admin\"],\"id\":1,\"name\":\"权限管理\",\"meta\":{\"title\":\"权限管理\",\"icon\":\"ep:tools\",\"rank\":10,\"showLink\":true},\"path\":\"/manager\",\"redirect\":\"/manager/role\",\"component\":\"/layout/index\",\"createTime\":\"Sep 19, 2024, 6:02:09 PM\",\"updateTime\":\"Sep 22, 2024, 10:08:25 PM\"},{\"children\":[{\"roles\":[\"admin\"],\"id\":1838875104335925249,\"name\":\"日志管理\",\"meta\":{\"title\":\"后台日志\",\"icon\":\"ri:bug-fill\",\"showLink\":true},\"path\":\"/system/log\",\"redirect\":\"\",\"component\":\"/system/log/index\",\"createTime\":\"Sep 25, 2024, 5:36:04 PM\",\"updateTime\":\"Sep 26, 2024, 2:29:18 PM\"}],\"roles\":[\"admin\"],\"id\":1838874817252593666,\"name\":\"系统管理\",\"meta\":{\"title\":\"系统管理\",\"icon\":\"ep:operation\",\"showLink\":true},\"path\":\"/system\",\"redirect\":\"/system/log\",\"component\":\"/layout/index\",\"createTime\":\"Sep 25, 2024, 5:34:56 PM\",\"updateTime\":\"Sep 25, 2024, 5:34:56 PM\"},{\"roles\":[\"admin\"],\"id\":1850705601064198145,\"name\":\"用户管理\",\"meta\":{\"title\":\"用户管理\",\"icon\":\"ep:avatar\",\"showLink\":true},\"path\":\"/biz/user\",\"redirect\":\"\",\"component\":\"/biz/user/index\",\"createTime\":\"Oct 28, 2024, 9:06:14 AM\",\"updateTime\":\"Oct 28, 2024, 9:07:34 AM\"}]}', '/common/getSyncRouter', NULL, 1837853208458866690, '127.0.0.1', NULL, 19, '2024-10-28 23:34:47', 0);
INSERT INTO `sys_oper_log` VALUES (1850934915953098753, '后台用户登录', 'com.xujie.manager.controller.userLogin', '[{\"username\":\"admin\",\"password\":\"admin123\"}]', 'POST', '{\"code\":200,\"message\":\"成功\",\"success\":true,\"data\":{\"avatar\":\"https://xu3285503539.oss-cn-hangzhou.aliyuncs.com/admin/img/66f021b9fde193448a2cb994.png\",\"username\":\"admin\",\"name\":\"小徐\",\"roles\":[\"user\",\"admin\"],\"permissions\":[\"*.*.*\"],\"accessToken\":\"nBw5292NGucn2gJCG264J96wU5C9SFnO\",\"refreshToken\":\"nBw5292NGucn2gJCG264J96wU5C9SFnO\"}}', '/common/login', NULL, 1837853208458866690, '127.0.0.1', NULL, 614, '2024-10-29 00:17:27', 0);
INSERT INTO `sys_oper_log` VALUES (1900831951201484801, '后台用户登录', 'com.xujie.manager.controller.userLogin', '[{\"username\":\"admin\",\"password\":\"admin123\"}]', 'POST', '{\"code\":200,\"message\":\"成功\",\"success\":true,\"data\":{\"avatar\":\"https://xu3285503539.oss-cn-hangzhou.aliyuncs.com/admin/img/66f021b9fde193448a2cb994.png\",\"username\":\"admin\",\"name\":\"小徐\",\"roles\":[\"user\",\"admin\"],\"permissions\":[\"*.*.*\"],\"accessToken\":\"B5TWWqiWFUqpRS6Qj0TcNt0xFgkWh61c\",\"refreshToken\":\"B5TWWqiWFUqpRS6Qj0TcNt0xFgkWh61c\"}}', '/common/login', NULL, 1837853208458866690, '127.0.0.1', NULL, 419, NULL, 0);
INSERT INTO `sys_oper_log` VALUES (1900831951314731010, '获取路由信息', 'com.xujie.manager.controller.getSyncRouter', '[]', 'GET', '{\"code\":200,\"message\":\"成功\",\"success\":true,\"data\":[{\"children\":[{\"roles\":[\"admin\"],\"id\":2,\"name\":\"用户管理\",\"meta\":{\"title\":\"用户管理\",\"showLink\":true},\"path\":\"/manager/user\",\"component\":\"/manager/user/index\",\"createTime\":\"Sep 19, 2024, 6:33:44 PM\",\"updateTime\":\"Sep 19, 2024, 6:33:46 PM\"},{\"roles\":[\"admin\"],\"id\":3,\"name\":\"角色管理\",\"meta\":{\"title\":\"角色管理\",\"showLink\":true},\"path\":\"/manager/role\",\"component\":\"/manager/role/index\",\"createTime\":\"Sep 19, 2024, 6:33:44 PM\",\"updateTime\":\"Sep 19, 2024, 6:33:46 PM\"},{\"roles\":[\"admin\"],\"id\":4,\"name\":\"路由管理\",\"meta\":{\"title\":\"路由管理\",\"showLink\":true},\"path\":\"/manager/router\",\"component\":\"/manager/router/index\",\"createTime\":\"Sep 19, 2024, 6:33:44 PM\",\"updateTime\":\"Sep 19, 2024, 6:33:46 PM\"}],\"roles\":[\"admin\"],\"id\":1,\"name\":\"权限管理\",\"meta\":{\"title\":\"权限管理\",\"icon\":\"ep:tools\",\"rank\":10,\"showLink\":true},\"path\":\"/manager\",\"redirect\":\"/manager/role\",\"component\":\"/layout/index\",\"createTime\":\"Sep 19, 2024, 6:02:09 PM\",\"updateTime\":\"Sep 22, 2024, 10:08:25 PM\"},{\"children\":[{\"roles\":[\"admin\"],\"id\":1838875104335925249,\"name\":\"日志管理\",\"meta\":{\"title\":\"后台日志\",\"icon\":\"ri:bug-fill\",\"showLink\":true},\"path\":\"/system/log\",\"redirect\":\"\",\"component\":\"/system/log/index\",\"createTime\":\"Sep 25, 2024, 5:36:04 PM\",\"updateTime\":\"Sep 26, 2024, 2:29:18 PM\"}],\"roles\":[\"admin\"],\"id\":1838874817252593666,\"name\":\"系统管理\",\"meta\":{\"title\":\"系统管理\",\"icon\":\"ep:operation\",\"showLink\":true},\"path\":\"/system\",\"redirect\":\"/system/log\",\"component\":\"/layout/index\",\"createTime\":\"Sep 25, 2024, 5:34:56 PM\",\"updateTime\":\"Sep 25, 2024, 5:34:56 PM\"},{\"roles\":[\"admin\"],\"id\":1850705601064198145,\"name\":\"用户管理\",\"meta\":{\"title\":\"用户管理\",\"icon\":\"ep:avatar\",\"showLink\":true},\"path\":\"/biz/user\",\"redirect\":\"\",\"component\":\"/biz/user/index\",\"createTime\":\"Oct 28, 2024, 9:06:14 AM\",\"updateTime\":\"Oct 28, 2024, 9:07:34 AM\"}]}', '/common/getSyncRouter', NULL, 1837853208458866690, '127.0.0.1', NULL, 29, NULL, 0);
INSERT INTO `sys_oper_log` VALUES (1900832028703834113, '获取路由信息', 'com.xujie.manager.controller.getSyncRouter', '[]', 'GET', '{\"code\":200,\"message\":\"成功\",\"success\":true,\"data\":[{\"children\":[{\"roles\":[\"admin\"],\"id\":2,\"name\":\"用户管理\",\"meta\":{\"title\":\"用户管理\",\"showLink\":true},\"path\":\"/manager/user\",\"component\":\"/manager/user/index\",\"createTime\":\"Sep 19, 2024, 6:33:44 PM\",\"updateTime\":\"Sep 19, 2024, 6:33:46 PM\"},{\"roles\":[\"admin\"],\"id\":3,\"name\":\"角色管理\",\"meta\":{\"title\":\"角色管理\",\"showLink\":true},\"path\":\"/manager/role\",\"component\":\"/manager/role/index\",\"createTime\":\"Sep 19, 2024, 6:33:44 PM\",\"updateTime\":\"Sep 19, 2024, 6:33:46 PM\"},{\"roles\":[\"admin\"],\"id\":4,\"name\":\"路由管理\",\"meta\":{\"title\":\"路由管理\",\"showLink\":true},\"path\":\"/manager/router\",\"component\":\"/manager/router/index\",\"createTime\":\"Sep 19, 2024, 6:33:44 PM\",\"updateTime\":\"Sep 19, 2024, 6:33:46 PM\"}],\"roles\":[\"admin\"],\"id\":1,\"name\":\"权限管理\",\"meta\":{\"title\":\"权限管理\",\"icon\":\"ep:tools\",\"rank\":10,\"showLink\":true},\"path\":\"/manager\",\"redirect\":\"/manager/role\",\"component\":\"/layout/index\",\"createTime\":\"Sep 19, 2024, 6:02:09 PM\",\"updateTime\":\"Sep 22, 2024, 10:08:25 PM\"},{\"children\":[{\"roles\":[\"admin\"],\"id\":1838875104335925249,\"name\":\"日志管理\",\"meta\":{\"title\":\"后台日志\",\"icon\":\"ri:bug-fill\",\"showLink\":true},\"path\":\"/system/log\",\"redirect\":\"\",\"component\":\"/system/log/index\",\"createTime\":\"Sep 25, 2024, 5:36:04 PM\",\"updateTime\":\"Sep 26, 2024, 2:29:18 PM\"}],\"roles\":[\"admin\"],\"id\":1838874817252593666,\"name\":\"系统管理\",\"meta\":{\"title\":\"系统管理\",\"icon\":\"ep:operation\",\"showLink\":true},\"path\":\"/system\",\"redirect\":\"/system/log\",\"component\":\"/layout/index\",\"createTime\":\"Sep 25, 2024, 5:34:56 PM\",\"updateTime\":\"Sep 25, 2024, 5:34:56 PM\"},{\"roles\":[\"admin\"],\"id\":1850705601064198145,\"name\":\"用户管理\",\"meta\":{\"title\":\"用户管理\",\"icon\":\"ep:avatar\",\"showLink\":true},\"path\":\"/biz/user\",\"redirect\":\"\",\"component\":\"/biz/user/index\",\"createTime\":\"Oct 28, 2024, 9:06:14 AM\",\"updateTime\":\"Oct 28, 2024, 9:07:34 AM\"}]}', '/common/getSyncRouter', NULL, 1837853208458866690, '127.0.0.1', NULL, 18, NULL, 0);
INSERT INTO `sys_oper_log` VALUES (1900832052040941569, '获取路由信息', 'com.xujie.manager.controller.getSyncRouter', '[]', 'GET', '{\"code\":200,\"message\":\"成功\",\"success\":true,\"data\":[{\"children\":[{\"roles\":[\"admin\"],\"id\":2,\"name\":\"用户管理\",\"meta\":{\"title\":\"用户管理\",\"showLink\":true},\"path\":\"/manager/user\",\"component\":\"/manager/user/index\",\"createTime\":\"Sep 19, 2024, 6:33:44 PM\",\"updateTime\":\"Sep 19, 2024, 6:33:46 PM\"},{\"roles\":[\"admin\"],\"id\":3,\"name\":\"角色管理\",\"meta\":{\"title\":\"角色管理\",\"showLink\":true},\"path\":\"/manager/role\",\"component\":\"/manager/role/index\",\"createTime\":\"Sep 19, 2024, 6:33:44 PM\",\"updateTime\":\"Sep 19, 2024, 6:33:46 PM\"},{\"roles\":[\"admin\"],\"id\":4,\"name\":\"路由管理\",\"meta\":{\"title\":\"路由管理\",\"showLink\":true},\"path\":\"/manager/router\",\"component\":\"/manager/router/index\",\"createTime\":\"Sep 19, 2024, 6:33:44 PM\",\"updateTime\":\"Sep 19, 2024, 6:33:46 PM\"}],\"roles\":[\"admin\"],\"id\":1,\"name\":\"权限管理\",\"meta\":{\"title\":\"权限管理\",\"icon\":\"ep:tools\",\"rank\":10,\"showLink\":true},\"path\":\"/manager\",\"redirect\":\"/manager/role\",\"component\":\"/layout/index\",\"createTime\":\"Sep 19, 2024, 6:02:09 PM\",\"updateTime\":\"Sep 22, 2024, 10:08:25 PM\"},{\"children\":[{\"roles\":[\"admin\"],\"id\":1838875104335925249,\"name\":\"日志管理\",\"meta\":{\"title\":\"后台日志\",\"icon\":\"ri:bug-fill\",\"showLink\":true},\"path\":\"/system/log\",\"redirect\":\"\",\"component\":\"/system/log/index\",\"createTime\":\"Sep 25, 2024, 5:36:04 PM\",\"updateTime\":\"Sep 26, 2024, 2:29:18 PM\"}],\"roles\":[\"admin\"],\"id\":1838874817252593666,\"name\":\"系统管理\",\"meta\":{\"title\":\"系统管理\",\"icon\":\"ep:operation\",\"showLink\":true},\"path\":\"/system\",\"redirect\":\"/system/log\",\"component\":\"/layout/index\",\"createTime\":\"Sep 25, 2024, 5:34:56 PM\",\"updateTime\":\"Sep 25, 2024, 5:34:56 PM\"},{\"roles\":[\"admin\"],\"id\":1850705601064198145,\"name\":\"用户管理\",\"meta\":{\"title\":\"用户管理\",\"icon\":\"ep:avatar\",\"showLink\":true},\"path\":\"/biz/user\",\"redirect\":\"\",\"component\":\"/biz/user/index\",\"createTime\":\"Oct 28, 2024, 9:06:14 AM\",\"updateTime\":\"Oct 28, 2024, 9:07:34 AM\"}]}', '/common/getSyncRouter', NULL, 1837853208458866690, '127.0.0.1', NULL, 14, NULL, 0);
INSERT INTO `sys_oper_log` VALUES (1900832099595960321, '获取路由信息', 'com.xujie.manager.controller.getSyncRouter', '[]', 'GET', '{\"code\":200,\"message\":\"成功\",\"success\":true,\"data\":[{\"children\":[{\"roles\":[\"admin\"],\"id\":2,\"name\":\"用户管理\",\"meta\":{\"title\":\"用户管理\",\"showLink\":true},\"path\":\"/manager/user\",\"component\":\"/manager/user/index\",\"createTime\":\"Sep 19, 2024, 6:33:44 PM\",\"updateTime\":\"Sep 19, 2024, 6:33:46 PM\"},{\"roles\":[\"admin\"],\"id\":3,\"name\":\"角色管理\",\"meta\":{\"title\":\"角色管理\",\"showLink\":true},\"path\":\"/manager/role\",\"component\":\"/manager/role/index\",\"createTime\":\"Sep 19, 2024, 6:33:44 PM\",\"updateTime\":\"Sep 19, 2024, 6:33:46 PM\"},{\"roles\":[\"admin\"],\"id\":4,\"name\":\"路由管理\",\"meta\":{\"title\":\"路由管理\",\"showLink\":true},\"path\":\"/manager/router\",\"component\":\"/manager/router/index\",\"createTime\":\"Sep 19, 2024, 6:33:44 PM\",\"updateTime\":\"Sep 19, 2024, 6:33:46 PM\"}],\"roles\":[\"admin\"],\"id\":1,\"name\":\"权限管理\",\"meta\":{\"title\":\"权限管理\",\"icon\":\"ep:tools\",\"rank\":10,\"showLink\":true},\"path\":\"/manager\",\"redirect\":\"/manager/role\",\"component\":\"/layout/index\",\"createTime\":\"Sep 19, 2024, 6:02:09 PM\",\"updateTime\":\"Sep 22, 2024, 10:08:25 PM\"},{\"children\":[{\"roles\":[\"admin\"],\"id\":1838875104335925249,\"name\":\"日志管理\",\"meta\":{\"title\":\"后台日志\",\"icon\":\"ri:bug-fill\",\"showLink\":true},\"path\":\"/system/log\",\"redirect\":\"\",\"component\":\"/system/log/index\",\"createTime\":\"Sep 25, 2024, 5:36:04 PM\",\"updateTime\":\"Sep 26, 2024, 2:29:18 PM\"}],\"roles\":[\"admin\"],\"id\":1838874817252593666,\"name\":\"系统管理\",\"meta\":{\"title\":\"系统管理\",\"icon\":\"ep:operation\",\"showLink\":true},\"path\":\"/system\",\"redirect\":\"/system/log\",\"component\":\"/layout/index\",\"createTime\":\"Sep 25, 2024, 5:34:56 PM\",\"updateTime\":\"Sep 25, 2024, 5:34:56 PM\"},{\"roles\":[\"admin\"],\"id\":1850705601064198145,\"name\":\"用户管理\",\"meta\":{\"title\":\"用户管理\",\"icon\":\"ep:avatar\",\"showLink\":true},\"path\":\"/biz/user\",\"redirect\":\"\",\"component\":\"/biz/user/index\",\"createTime\":\"Oct 28, 2024, 9:06:14 AM\",\"updateTime\":\"Oct 28, 2024, 9:07:34 AM\"}]}', '/common/getSyncRouter', NULL, 1837853208458866690, '127.0.0.1', NULL, 11, NULL, 0);
INSERT INTO `sys_oper_log` VALUES (1900832377946750977, '获取路由信息', 'com.xujie.manager.controller.getSyncRouter', '[]', 'GET', '{\"code\":200,\"message\":\"成功\",\"success\":true,\"data\":[{\"children\":[{\"roles\":[\"admin\"],\"id\":2,\"name\":\"用户管理\",\"meta\":{\"title\":\"用户管理\",\"showLink\":true},\"path\":\"/manager/user\",\"component\":\"/manager/user/index\",\"createTime\":\"Sep 19, 2024, 6:33:44 PM\",\"updateTime\":\"Sep 19, 2024, 6:33:46 PM\"},{\"roles\":[\"admin\"],\"id\":3,\"name\":\"角色管理\",\"meta\":{\"title\":\"角色管理\",\"showLink\":true},\"path\":\"/manager/role\",\"component\":\"/manager/role/index\",\"createTime\":\"Sep 19, 2024, 6:33:44 PM\",\"updateTime\":\"Sep 19, 2024, 6:33:46 PM\"},{\"roles\":[\"admin\"],\"id\":4,\"name\":\"路由管理\",\"meta\":{\"title\":\"路由管理\",\"showLink\":true},\"path\":\"/manager/router\",\"component\":\"/manager/router/index\",\"createTime\":\"Sep 19, 2024, 6:33:44 PM\",\"updateTime\":\"Sep 19, 2024, 6:33:46 PM\"}],\"roles\":[\"admin\"],\"id\":1,\"name\":\"权限管理\",\"meta\":{\"title\":\"权限管理\",\"icon\":\"ep:tools\",\"rank\":10,\"showLink\":true},\"path\":\"/manager\",\"redirect\":\"/manager/role\",\"component\":\"/layout/index\",\"createTime\":\"Sep 19, 2024, 6:02:09 PM\",\"updateTime\":\"Sep 22, 2024, 10:08:25 PM\"},{\"children\":[{\"roles\":[\"admin\"],\"id\":1838875104335925249,\"name\":\"日志管理\",\"meta\":{\"title\":\"后台日志\",\"icon\":\"ri:bug-fill\",\"showLink\":true},\"path\":\"/system/log\",\"redirect\":\"\",\"component\":\"/system/log/index\",\"createTime\":\"Sep 25, 2024, 5:36:04 PM\",\"updateTime\":\"Sep 26, 2024, 2:29:18 PM\"}],\"roles\":[\"admin\"],\"id\":1838874817252593666,\"name\":\"系统管理\",\"meta\":{\"title\":\"系统管理\",\"icon\":\"ep:operation\",\"showLink\":true},\"path\":\"/system\",\"redirect\":\"/system/log\",\"component\":\"/layout/index\",\"createTime\":\"Sep 25, 2024, 5:34:56 PM\",\"updateTime\":\"Sep 25, 2024, 5:34:56 PM\"}]}', '/common/getSyncRouter', NULL, 1837853208458866690, '127.0.0.1', NULL, 8, NULL, 0);

-- ----------------------------
-- Table structure for sys_role
-- ----------------------------
DROP TABLE IF EXISTS `sys_role`;
CREATE TABLE `sys_role`  (
  `id` bigint NOT NULL COMMENT '角色Id',
  `code` varchar(255) CHARACTER SET utf8mb4 COLLATE utf8mb4_bin NOT NULL COMMENT '角色code',
  `name` varchar(255) CHARACTER SET utf8mb4 COLLATE utf8mb4_bin NOT NULL COMMENT '角色名称',
  `role_desc` varchar(255) CHARACTER SET utf8mb4 COLLATE utf8mb4_bin NULL DEFAULT NULL COMMENT '角色描述',
  `create_time` datetime NOT NULL COMMENT '创建时间',
  `update_time` datetime NOT NULL COMMENT '更新时间',
  `is_delete` varchar(255) CHARACTER SET utf8mb4 COLLATE utf8mb4_bin NOT NULL DEFAULT '0' COMMENT '是否删除',
  PRIMARY KEY (`id`) USING BTREE,
  UNIQUE INDEX `uk_role_code`(`code` ASC) USING BTREE COMMENT '角色code唯一'
) ENGINE = InnoDB CHARACTER SET = utf8mb4 COLLATE = utf8mb4_bin ROW_FORMAT = Dynamic;

-- ----------------------------
-- Records of sys_role
-- ----------------------------
INSERT INTO `sys_role` VALUES (2, 'user', '普通用户', '用户', '2024-09-21 01:08:30', '2024-09-26 13:25:56', '0');
INSERT INTO `sys_role` VALUES (1836670657371418625, 'admin', '管理员', '管理员', '2024-09-19 15:36:23', '2024-10-28 09:07:08', '0');

-- ----------------------------
-- Table structure for sys_role_router
-- ----------------------------
DROP TABLE IF EXISTS `sys_role_router`;
CREATE TABLE `sys_role_router`  (
  `role_id` bigint NOT NULL COMMENT '角色ID',
  `router_id` bigint NOT NULL COMMENT '路由ID',
  UNIQUE INDEX `uk_role_router`(`role_id` ASC, `router_id` ASC) USING BTREE
) ENGINE = InnoDB CHARACTER SET = utf8mb4 COLLATE = utf8mb4_bin COMMENT = '角色路由关联表' ROW_FORMAT = Dynamic;

-- ----------------------------
-- Records of sys_role_router
-- ----------------------------
INSERT INTO `sys_role_router` VALUES (2, 1);
INSERT INTO `sys_role_router` VALUES (2, 2);
INSERT INTO `sys_role_router` VALUES (2, 3);
INSERT INTO `sys_role_router` VALUES (2, 4);
INSERT INTO `sys_role_router` VALUES (2, 1838874817252593666);
INSERT INTO `sys_role_router` VALUES (2, 1838875104335925249);
INSERT INTO `sys_role_router` VALUES (18366706573712, 4);
INSERT INTO `sys_role_router` VALUES (183667065737145, 3);
INSERT INTO `sys_role_router` VALUES (1836670657371418625, 1);
INSERT INTO `sys_role_router` VALUES (1836670657371418625, 2);
INSERT INTO `sys_role_router` VALUES (1836670657371418625, 3);
INSERT INTO `sys_role_router` VALUES (1836670657371418625, 4);
INSERT INTO `sys_role_router` VALUES (1836670657371418625, 1838874817252593666);
INSERT INTO `sys_role_router` VALUES (1836670657371418625, 1838875104335925249);
INSERT INTO `sys_role_router` VALUES (1836670657371418625, 1850705601064198145);

-- ----------------------------
-- Table structure for sys_routers
-- ----------------------------
DROP TABLE IF EXISTS `sys_routers`;
CREATE TABLE `sys_routers`  (
  `id` bigint NOT NULL COMMENT '路由ID',
  `name` varchar(255) CHARACTER SET utf8mb4 COLLATE utf8mb4_bin NOT NULL COMMENT '名称',
  `icon` varchar(255) CHARACTER SET utf8mb4 COLLATE utf8mb4_bin NULL DEFAULT NULL COMMENT 'icon',
  `title` varchar(255) CHARACTER SET utf8mb4 COLLATE utf8mb4_bin NOT NULL COMMENT '标题',
  `parent_id` bigint NOT NULL DEFAULT 0 COMMENT '父亲节点',
  `path` varchar(255) CHARACTER SET utf8mb4 COLLATE utf8mb4_bin NOT NULL COMMENT '路径',
  `redirect` varchar(255) CHARACTER SET utf8mb4 COLLATE utf8mb4_bin NULL DEFAULT NULL COMMENT '重定向',
  `component` varchar(255) CHARACTER SET utf8mb4 COLLATE utf8mb4_bin NULL DEFAULT NULL COMMENT '组件',
  `showLink` tinyint(1) NULL DEFAULT 1 COMMENT '是否显示',
  `rank_num` int NULL DEFAULT NULL COMMENT '排序',
  `create_time` datetime NOT NULL COMMENT '创建时间',
  `update_time` datetime NOT NULL COMMENT '更新时间',
  `is_delete` int NOT NULL DEFAULT 0 COMMENT '是否删除',
  PRIMARY KEY (`id`) USING BTREE
) ENGINE = InnoDB CHARACTER SET = utf8mb4 COLLATE = utf8mb4_bin ROW_FORMAT = Dynamic;

-- ----------------------------
-- Records of sys_routers
-- ----------------------------
INSERT INTO `sys_routers` VALUES (1, '权限管理', 'ep:tools', '权限管理', 0, '/manager', '/manager/role', '/layout/index', 1, 10, '2024-09-19 18:02:09', '2024-09-22 22:08:25', 0);
INSERT INTO `sys_routers` VALUES (2, '用户管理', NULL, '用户管理', 1, '/manager/user', NULL, '/manager/user/index', 1, NULL, '2024-09-19 18:33:44', '2024-09-19 18:33:46', 0);
INSERT INTO `sys_routers` VALUES (3, '角色管理', NULL, '角色管理', 1, '/manager/role', NULL, '/manager/role/index', 1, NULL, '2024-09-19 18:33:44', '2024-09-19 18:33:46', 0);
INSERT INTO `sys_routers` VALUES (4, '路由管理', NULL, '路由管理', 1, '/manager/router', NULL, '/manager/router/index', 1, NULL, '2024-09-19 18:33:44', '2024-09-19 18:33:46', 0);
INSERT INTO `sys_routers` VALUES (1838874817252593666, '系统管理', 'ep:operation', '系统管理', 0, '/system', '/system/log', '/layout/index', 1, NULL, '2024-09-25 17:34:56', '2024-09-25 17:34:56', 0);
INSERT INTO `sys_routers` VALUES (1838875104335925249, '日志管理', 'ri:bug-fill', '后台日志', 1838874817252593666, '/system/log', '', '/system/log/index', 1, NULL, '2024-09-25 17:36:04', '2024-09-26 14:29:18', 0);

-- ----------------------------
-- Table structure for sys_user
-- ----------------------------
DROP TABLE IF EXISTS `sys_user`;
CREATE TABLE `sys_user`  (
  `id` bigint NOT NULL COMMENT '用户ID',
  `avatar` varchar(255) CHARACTER SET utf8mb4 COLLATE utf8mb4_bin NOT NULL DEFAULT 'https://img.ueww.cn/i/2024/qp10m7.png' COMMENT '头像',
  `username` varchar(255) CHARACTER SET utf8mb4 COLLATE utf8mb4_bin NOT NULL COMMENT '用户名',
  `password` varchar(255) CHARACTER SET utf8mb4 COLLATE utf8mb4_bin NOT NULL COMMENT '密码',
  `name` varchar(255) CHARACTER SET utf8mb4 COLLATE utf8mb4_bin NULL DEFAULT NULL COMMENT '名称',
  `sex` int NULL DEFAULT NULL COMMENT '性别',
  `email` varchar(255) CHARACTER SET utf8mb4 COLLATE utf8mb4_bin NULL DEFAULT NULL COMMENT '邮箱',
  `open_id` int NULL DEFAULT NULL COMMENT 'openId',
  `phone` varchar(255) CHARACTER SET utf8mb4 COLLATE utf8mb4_bin NULL DEFAULT NULL COMMENT '手机号',
  `update_time` datetime NOT NULL COMMENT '更新时间',
  `create_time` datetime NOT NULL COMMENT '创建时间',
  `is_delete` int NOT NULL DEFAULT 0 COMMENT '是否删除',
  `version` bigint NOT NULL DEFAULT 0 COMMENT '版本号',
  PRIMARY KEY (`id`) USING BTREE,
  UNIQUE INDEX `uk_user_phone`(`phone` ASC) USING BTREE COMMENT '用户手机号唯一',
  UNIQUE INDEX `uk_user_openId`(`open_id` ASC) USING BTREE COMMENT '用户微信唯一',
  UNIQUE INDEX `uk_user_email`(`email` ASC) USING BTREE COMMENT '用户邮箱唯一'
) ENGINE = InnoDB CHARACTER SET = utf8mb4 COLLATE = utf8mb4_bin ROW_FORMAT = Dynamic;

-- ----------------------------
-- Records of sys_user
-- ----------------------------
INSERT INTO `sys_user` VALUES (1837853208458866690, 'https://xu3285503539.oss-cn-hangzhou.aliyuncs.com/admin/img/66f021b9fde193448a2cb994.png', 'admin', 'admin123', '小徐', 1, '32855035391@qq.com', NULL, '15182659917', '2024-09-22 21:55:25', '2024-09-22 21:55:25', 0, 0);

-- ----------------------------
-- Table structure for sys_user_role
-- ----------------------------
DROP TABLE IF EXISTS `sys_user_role`;
CREATE TABLE `sys_user_role`  (
  `user_id` bigint NOT NULL COMMENT '用户ID',
  `role_id` bigint NOT NULL COMMENT '角色ID',
  PRIMARY KEY (`user_id`, `role_id`) USING BTREE
) ENGINE = InnoDB CHARACTER SET = utf8mb4 COLLATE = utf8mb4_bin ROW_FORMAT = Dynamic;

-- ----------------------------
-- Records of sys_user_role
-- ----------------------------
INSERT INTO `sys_user_role` VALUES (1837853208458866690, 2);
INSERT INTO `sys_user_role` VALUES (1837853208458866690, 1836670657371418625);
INSERT INTO `sys_user_role` VALUES (1839149557900910593, 2);

SET FOREIGN_KEY_CHECKS = 1;
